node,community,chain,resname,resseq
A_1,0,A,VAL,1
A_2,0,A,LEU,2
A_3,0,A,SER,3
A_4,0,A,PRO,4
A_5,0,A,ALA,5
A_6,0,A,ASP,6
A_7,0,A,LYS,7
A_8,0,A,THR,8
A_9,0,A,ASN,9
A_10,0,A,VAL,10
A_11,0,A,LYS,11
A_12,0,A,ALA,12
A_13,0,A,ALA,13
A_14,0,A,TRP,14
A_15,0,A,GLY,15
A_16,0,A,LYS,16
A_17,0,A,VAL,17
A_18,0,A,GLY,18
A_19,1,A,ALA,19
A_20,1,A,HIS,20
A_21,1,A,ALA,21
A_22,1,A,GLY,22
A_23,1,A,GLU,23
A_24,1,A,TYR,24
A_25,1,A,GLY,25
A_26,1,A,ALA,26
A_27,2,A,GLU,27
A_28,2,A,ALA,28
A_29,2,A,LEU,29
A_30,2,A,GLU,30
A_31,2,A,ARG,31
A_32,2,A,MET,32
A_33,2,A,PHE,33
A_34,2,A,LEU,34
A_35,2,A,SER,35
A_36,2,A,PHE,36
A_37,2,A,PRO,37
A_38,2,A,THR,38
A_39,2,A,THR,39
A_40,2,A,LYS,40
A_41,2,A,THR,41
A_42,2,A,TYR,42
A_43,2,A,PHE,43
A_44,2,A,PRO,44
A_45,2,A,HIS,45
A_46,1,A,PHE,46
A_47,1,A,ASP,47
A_48,1,A,LEU,48
A_49,1,A,SER,49
A_50,1,A,HIS,50
A_51,1,A,GLY,51
A_52,1,A,SER,52
A_53,1,A,ALA,53
A_54,1,A,GLN,54
A_55,1,A,VAL,55
A_56,1,A,LYS,56
A_57,1,A,GLY,57
A_58,1,A,HIS,58
A_59,1,A,GLY,59
A_60,1,A,LYS,60
A_61,1,A,LYS,61
A_62,1,A,VAL,62
A_63,1,A,ALA,63
A_64,1,A,ASP,64
A_65,1,A,ALA,65
A_66,1,A,LEU,66
A_67,1,A,THR,67
A_68,1,A,ASN,68
A_69,1,A,ALA,69
A_70,1,A,VAL,70
A_71,1,A,ALA,71
A_72,1,A,HIS,72
A_73,1,A,VAL,73
A_74,1,A,ASP,74
A_75,3,A,ASP,75
A_76,3,A,MET,76
A_77,3,A,PRO,77
A_78,3,A,ASN,78
A_79,3,A,ALA,79
A_80,3,A,LEU,80
A_81,3,A,SER,81
A_82,3,A,ALA,82
A_83,3,A,LEU,83
A_84,3,A,SER,84
A_85,3,A,ASP,85
A_86,3,A,LEU,86
A_87,3,A,HIS,87
A_88,3,A,ALA,88
A_89,3,A,HIS,89
A_90,3,A,LYS,90
A_91,3,A,LEU,91
A_92,3,A,ARG,92
A_93,3,A,VAL,93
A_94,4,A,ASP,94
A_95,4,A,PRO,95
A_96,4,A,VAL,96
A_97,4,A,ASN,97
A_98,4,A,PHE,98
A_99,4,A,LYS,99
A_100,4,A,LEU,100
A_101,4,A,LEU,101
A_102,4,A,SER,102
A_103,4,A,HIS,103
A_104,4,A,CYS,104
A_105,4,A,LEU,105
A_106,4,A,LEU,106
A_107,4,A,VAL,107
A_108,4,A,THR,108
A_109,4,A,LEU,109
A_110,4,A,ALA,110
A_111,4,A,ALA,111
A_112,4,A,HIS,112
A_113,4,A,LEU,113
A_114,4,A,PRO,114
A_115,0,A,ALA,115
A_116,0,A,GLU,116
A_117,0,A,PHE,117
A_118,0,A,THR,118
A_119,0,A,PRO,119
A_120,0,A,ALA,120
A_121,0,A,VAL,121
A_122,0,A,HIS,122
A_123,0,A,ALA,123
A_124,0,A,SER,124
A_125,0,A,LEU,125
A_126,0,A,ASP,126
A_127,0,A,LYS,127
A_128,0,A,PHE,128
A_129,3,A,LEU,129
A_130,3,A,ALA,130
A_131,3,A,SER,131
A_132,3,A,VAL,132
A_133,3,A,SER,133
A_134,3,A,THR,134
A_135,3,A,VAL,135
A_136,3,A,LEU,136
A_137,3,A,THR,137
A_138,3,A,SER,138
A_139,3,A,LYS,139
A_140,3,A,TYR,140
A_141,3,A,ARG,141
B_1,5,B,VAL,1
B_2,5,B,HIS,2
B_3,5,B,LEU,3
B_4,5,B,THR,4
B_5,5,B,PRO,5
B_6,5,B,GLU,6
B_7,5,B,GLU,7
B_8,5,B,LYS,8
B_9,5,B,SER,9
B_10,5,B,ALA,10
B_11,5,B,VAL,11
B_12,5,B,THR,12
B_13,5,B,ALA,13
B_14,5,B,LEU,14
B_15,5,B,TRP,15
B_16,5,B,GLY,16
B_17,5,B,LYS,17
B_18,5,B,VAL,18
B_19,6,B,ASN,19
B_20,6,B,VAL,20
B_21,6,B,ASP,21
B_22,6,B,GLU,22
B_23,6,B,VAL,23
B_24,6,B,GLY,24
B_25,6,B,GLY,25
B_26,6,B,GLU,26
B_27,6,B,ALA,27
B_28,6,B,LEU,28
B_29,6,B,GLY,29
B_30,6,B,ARG,30
B_31,6,B,LEU,31
B_32,6,B,LEU,32
B_33,6,B,VAL,33
B_34,6,B,VAL,34
B_35,6,B,TYR,35
B_36,6,B,PRO,36
B_37,6,B,TRP,37
B_38,6,B,THR,38
B_39,6,B,GLN,39
B_40,6,B,ARG,40
B_41,6,B,PHE,41
B_42,6,B,PHE,42
B_43,6,B,GLU,43
B_44,6,B,SER,44
B_45,6,B,PHE,45
B_46,6,B,GLY,46
B_47,6,B,ASP,47
B_48,6,B,LEU,48
B_49,6,B,SER,49
B_50,6,B,THR,50
B_51,6,B,PRO,51
B_52,6,B,ASP,52
B_53,6,B,ALA,53
B_54,6,B,VAL,54
B_55,6,B,MET,55
B_56,6,B,GLY,56
B_57,6,B,ASN,57
B_58,6,B,PRO,58
B_59,6,B,LYS,59
B_60,6,B,VAL,60
B_61,6,B,LYS,61
B_62,6,B,ALA,62
B_63,6,B,HIS,63
B_64,6,B,GLY,64
B_65,6,B,LYS,65
B_66,6,B,LYS,66
B_67,6,B,VAL,67
B_68,6,B,LEU,68
B_69,6,B,GLY,69
B_70,6,B,ALA,70
B_71,6,B,PHE,71
B_72,6,B,SER,72
B_73,6,B,ASP,73
B_74,6,B,GLY,74
B_75,6,B,LEU,75
B_76,6,B,ALA,76
B_77,6,B,HIS,77
B_78,6,B,LEU,78
B_79,6,B,ASP,79
B_80,7,B,ASN,80
B_81,7,B,LEU,81
B_82,7,B,LYS,82
B_83,7,B,GLY,83
B_84,7,B,THR,84
B_85,7,B,PHE,85
B_86,7,B,ALA,86
B_87,7,B,THR,87
B_88,7,B,LEU,88
B_89,7,B,SER,89
B_90,7,B,GLU,90
B_91,7,B,LEU,91
B_92,7,B,HIS,92
B_93,7,B,CYS,93
B_94,7,B,ASP,94
B_95,7,B,LYS,95
B_96,7,B,LEU,96
B_97,7,B,HIS,97
B_98,7,B,VAL,98
B_99,7,B,ASP,99
B_100,7,B,PRO,100
B_101,7,B,GLU,101
B_102,7,B,ASN,102
B_103,7,B,PHE,103
B_104,7,B,ARG,104
B_105,7,B,LEU,105
B_106,7,B,LEU,106
B_107,7,B,GLY,107
B_108,7,B,ASN,108
B_109,7,B,VAL,109
B_110,7,B,LEU,110
B_111,7,B,VAL,111
B_112,4,B,CYS,112
B_113,4,B,VAL,113
B_114,4,B,LEU,114
B_115,4,B,ALA,115
B_116,4,B,HIS,116
B_117,4,B,HIS,117
B_118,4,B,PHE,118
B_119,4,B,GLY,119
B_120,4,B,LYS,120
B_121,4,B,GLU,121
B_122,4,B,PHE,122
B_123,2,B,THR,123
B_124,2,B,PRO,124
B_125,2,B,PRO,125
B_126,2,B,VAL,126
B_127,2,B,GLN,127
B_128,2,B,ALA,128
B_129,2,B,ALA,129
B_130,2,B,TYR,130
B_131,2,B,GLN,131
B_132,2,B,LYS,132
B_133,7,B,VAL,133
B_134,7,B,VAL,134
B_135,7,B,ALA,135
B_136,7,B,GLY,136
B_137,7,B,VAL,137
B_138,7,B,ALA,138
B_139,7,B,ASN,139
B_140,7,B,ALA,140
B_141,7,B,LEU,141
B_142,7,B,ALA,142
B_143,7,B,HIS,143
B_144,7,B,LYS,144
B_145,7,B,TYR,145
B_146,7,B,HIS,146
C_1,9,C,VAL,1
C_2,9,C,LEU,2
C_3,9,C,SER,3
C_4,9,C,PRO,4
C_5,9,C,ALA,5
C_6,9,C,ASP,6
C_7,9,C,LYS,7
C_8,9,C,THR,8
C_9,9,C,ASN,9
C_10,9,C,VAL,10
C_11,9,C,LYS,11
C_12,9,C,ALA,12
C_13,9,C,ALA,13
C_14,9,C,TRP,14
C_15,9,C,GLY,15
C_16,9,C,LYS,16
C_17,9,C,VAL,17
C_18,9,C,GLY,18
C_19,9,C,ALA,19
C_20,10,C,HIS,20
C_21,10,C,ALA,21
C_22,10,C,GLY,22
C_23,10,C,GLU,23
C_24,10,C,TYR,24
C_25,10,C,GLY,25
C_26,10,C,ALA,26
C_27,10,C,GLU,27
C_28,10,C,ALA,28
C_29,10,C,LEU,29
C_30,10,C,GLU,30
C_31,10,C,ARG,31
C_32,10,C,MET,32
C_33,10,C,PHE,33
C_34,10,C,LEU,34
C_35,10,C,SER,35
C_36,10,C,PHE,36
C_37,10,C,PRO,37
C_38,10,C,THR,38
C_39,10,C,THR,39
C_40,10,C,LYS,40
C_41,10,C,THR,41
C_42,10,C,TYR,42
C_43,10,C,PHE,43
C_44,10,C,PRO,44
C_45,10,C,HIS,45
C_46,10,C,PHE,46
C_47,10,C,ASP,47
C_48,10,C,LEU,48
C_49,10,C,SER,49
C_50,10,C,HIS,50
C_51,10,C,GLY,51
C_52,10,C,SER,52
C_53,10,C,ALA,53
C_54,10,C,GLN,54
C_55,10,C,VAL,55
C_56,10,C,LYS,56
C_57,10,C,GLY,57
C_58,10,C,HIS,58
C_59,10,C,GLY,59
C_60,10,C,LYS,60
C_61,10,C,LYS,61
C_62,10,C,VAL,62
C_63,10,C,ALA,63
C_64,11,C,ASP,64
C_65,11,C,ALA,65
C_66,11,C,LEU,66
C_67,11,C,THR,67
C_68,11,C,ASN,68
C_69,11,C,ALA,69
C_70,11,C,VAL,70
C_71,11,C,ALA,71
C_72,11,C,HIS,72
C_73,11,C,VAL,73
C_74,11,C,ASP,74
C_75,11,C,ASP,75
C_76,11,C,MET,76
C_77,11,C,PRO,77
C_78,11,C,ASN,78
C_79,11,C,ALA,79
C_80,11,C,LEU,80
C_81,12,C,SER,81
C_82,12,C,ALA,82
C_83,12,C,LEU,83
C_84,12,C,SER,84
C_85,12,C,ASP,85
C_86,12,C,LEU,86
C_87,12,C,HIS,87
C_88,12,C,ALA,88
C_89,12,C,HIS,89
C_90,12,C,LYS,90
C_91,12,C,LEU,91
C_92,12,C,ARG,92
C_93,12,C,VAL,93
C_94,12,C,ASP,94
C_95,12,C,PRO,95
C_96,12,C,VAL,96
C_97,12,C,ASN,97
C_98,12,C,PHE,98
C_99,12,C,LYS,99
C_100,12,C,LEU,100
C_101,12,C,LEU,101
C_102,12,C,SER,102
C_103,12,C,HIS,103
C_104,12,C,CYS,104
C_105,12,C,LEU,105
C_106,13,C,LEU,106
C_107,13,C,VAL,107
C_108,13,C,THR,108
C_109,13,C,LEU,109
C_110,13,C,ALA,110
C_111,13,C,ALA,111
C_112,13,C,HIS,112
C_113,13,C,LEU,113
C_114,13,C,PRO,114
C_115,12,C,ALA,115
C_116,12,C,GLU,116
C_117,12,C,PHE,117
C_118,12,C,THR,118
C_119,12,C,PRO,119
C_120,12,C,ALA,120
C_121,12,C,VAL,121
C_122,12,C,HIS,122
C_123,12,C,ALA,123
C_124,12,C,SER,124
C_125,12,C,LEU,125
C_126,12,C,ASP,126
C_127,12,C,LYS,127
C_128,12,C,PHE,128
C_129,12,C,LEU,129
C_130,12,C,ALA,130
C_131,12,C,SER,131
C_132,12,C,VAL,132
C_133,12,C,SER,133
C_134,12,C,THR,134
C_135,12,C,VAL,135
C_136,12,C,LEU,136
C_137,12,C,THR,137
C_138,12,C,SER,138
C_139,12,C,LYS,139
C_140,12,C,TYR,140
C_141,12,C,ARG,141
D_1,14,D,VAL,1
D_2,14,D,HIS,2
D_3,14,D,LEU,3
D_4,14,D,THR,4
D_5,14,D,PRO,5
D_6,14,D,GLU,6
D_7,14,D,GLU,7
D_8,14,D,LYS,8
D_9,14,D,SER,9
D_10,14,D,ALA,10
D_11,14,D,VAL,11
D_12,14,D,THR,12
D_13,14,D,ALA,13
D_14,14,D,LEU,14
D_15,14,D,TRP,15
D_16,14,D,GLY,16
D_17,14,D,LYS,17
D_18,14,D,VAL,18
D_19,15,D,ASN,19
D_20,15,D,VAL,20
D_21,15,D,ASP,21
D_22,15,D,GLU,22
D_23,15,D,VAL,23
D_24,15,D,GLY,24
D_25,15,D,GLY,25
D_26,15,D,GLU,26
D_27,15,D,ALA,27
D_28,15,D,LEU,28
D_29,15,D,GLY,29
D_30,15,D,ARG,30
D_31,15,D,LEU,31
D_32,15,D,LEU,32
D_33,15,D,VAL,33
D_34,15,D,VAL,34
D_35,15,D,TYR,35
D_36,15,D,PRO,36
D_37,15,D,TRP,37
D_38,15,D,THR,38
D_39,15,D,GLN,39
D_40,15,D,ARG,40
D_41,15,D,PHE,41
D_42,15,D,PHE,42
D_43,15,D,GLU,43
D_44,15,D,SER,44
D_45,15,D,PHE,45
D_46,15,D,GLY,46
D_47,15,D,ASP,47
D_48,15,D,LEU,48
D_49,15,D,SER,49
D_50,15,D,THR,50
D_51,15,D,PRO,51
D_52,15,D,ASP,52
D_53,15,D,ALA,53
D_54,15,D,VAL,54
D_55,15,D,MET,55
D_56,15,D,GLY,56
D_57,15,D,ASN,57
D_58,15,D,PRO,58
D_59,15,D,LYS,59
D_60,15,D,VAL,60
D_61,15,D,LYS,61
D_62,15,D,ALA,62
D_63,15,D,HIS,63
D_64,15,D,GLY,64
D_65,15,D,LYS,65
D_66,15,D,LYS,66
D_67,15,D,VAL,67
D_68,15,D,LEU,68
D_69,15,D,GLY,69
D_70,15,D,ALA,70
D_71,15,D,PHE,71
D_72,15,D,SER,72
D_73,15,D,ASP,73
D_74,8,D,GLY,74
D_75,8,D,LEU,75
D_76,8,D,ALA,76
D_77,8,D,HIS,77
D_78,8,D,LEU,78
D_79,8,D,ASP,79
D_80,8,D,ASN,80
D_81,8,D,LEU,81
D_82,8,D,LYS,82
D_83,8,D,GLY,83
D_84,8,D,THR,84
D_85,8,D,PHE,85
D_86,8,D,ALA,86
D_87,8,D,THR,87
D_88,8,D,LEU,88
D_89,8,D,SER,89
D_90,8,D,GLU,90
D_91,8,D,LEU,91
D_92,8,D,HIS,92
D_93,8,D,CYS,93
D_94,8,D,ASP,94
D_95,8,D,LYS,95
D_96,8,D,LEU,96
D_97,8,D,HIS,97
D_98,8,D,VAL,98
D_99,13,D,ASP,99
D_100,13,D,PRO,100
D_101,13,D,GLU,101
D_102,13,D,ASN,102
D_103,13,D,PHE,103
D_104,13,D,ARG,104
D_105,13,D,LEU,105
D_106,13,D,LEU,106
D_107,13,D,GLY,107
D_108,13,D,ASN,108
D_109,13,D,VAL,109
D_110,13,D,LEU,110
D_111,13,D,VAL,111
D_112,13,D,CYS,112
D_113,13,D,VAL,113
D_114,13,D,LEU,114
D_115,13,D,ALA,115
D_116,13,D,HIS,116
D_117,13,D,HIS,117
D_118,13,D,PHE,118
D_119,13,D,GLY,119
D_120,13,D,LYS,120
D_121,13,D,GLU,121
D_122,13,D,PHE,122
D_123,13,D,THR,123
D_124,13,D,PRO,124
D_125,13,D,PRO,125
D_126,13,D,VAL,126
D_127,13,D,GLN,127
D_128,13,D,ALA,128
D_129,13,D,ALA,129
D_130,13,D,TYR,130
D_131,13,D,GLN,131
D_132,13,D,LYS,132
D_133,13,D,VAL,133
D_134,13,D,VAL,134
D_135,13,D,ALA,135
D_136,13,D,GLY,136
D_137,13,D,VAL,137
D_138,13,D,ALA,138
D_139,13,D,ASN,139
D_140,8,D,ALA,140
D_141,8,D,LEU,141
D_142,8,D,ALA,142
D_143,8,D,HIS,143
D_144,8,D,LYS,144
D_145,8,D,TYR,145
D_146,8,D,HIS,146
